<?xml version="1.0" encoding="UTF-8"?>
<project-private xmlns="http://www.netbeans.org/ns/project-private/1">
    <editor-bookmarks xmlns="http://www.netbeans.org/ns/editor-bookmarks/2" lastBookmarkId="0"/>
    <open-files xmlns="http://www.netbeans.org/ns/projectui-open-files/2">
        <group>
            <file>file:/home/nthabiseng/Documents/IsiXhosa_Spellchecker/src/IsiXhosa_spellchecker/MyCustomFilter.java</file>
            <file>file:/home/nthabiseng/Documents/IsiXhosa_Spellchecker/src/IsiXhosa_spellchecker/Model.java</file>
            <file>file:/home/nthabiseng/Documents/IsiXhosa_Spellchecker/src/IsiXhosa_spellchecker/Spellchecker.java</file>
            <file>file:/home/nthabiseng/Documents/IsiXhosa_Spellchecker/nbproject/build-impl.xml</file>
            <file>file:/home/nthabiseng/Documents/IsiXhosa_Spellchecker/src/IsiXhosa_spellchecker/resources/XhosaDictionary.txt</file>
            <file>file:/home/nthabiseng/Documents/IsiXhosa_Spellchecker/src/IsiXhosa_spellchecker/IsiXhosa_Spellchecker.java</file>
            <file>file:/home/nthabiseng/Documents/IsiXhosa_Spellchecker/src/IsiXhosa_spellchecker/XhosaModel.java</file>
        </group>
    </open-files>
</project-private>
